{
    "train": {
        "mean": [
            0.398623526096344,
            0.24518956243991852,
            0.15614961087703705
        ],
        "std": [
            0.2982739806175232,
            0.2005673050880432,
            0.15053221583366394
        ]
    }
}